ID,ADM_Afr_Hap1_LANC_Frac,ADM_Afr_Hap2_LANC_Frac
rs1,0.8021235521235521,0.7953667953667953
rs2,0.8014800514800515,0.7906477906477907
rs3,0.7987987987987988,0.7835692835692836
rs4,0.7981552981552982,0.7831402831402832
rs5,0.8003003003003003,0.7888245388245388
rs6,0.7957957957957958,0.7894680394680395
rs7,0.7908622908622909,0.7883955383955384
rs8,0.7985842985842986,0.7913985413985414
rs9,0.8007293007293007,0.796010296010296
rs10,0.7991205491205491,0.7977262977262978
rs11,0.8001930501930502,0.7936507936507936
rs12,0.8007293007293007,0.7933290433290433
rs13,0.8040540540540541,0.7948305448305448
rs14,0.803088803088803,0.7922565422565423
rs15,0.8021235521235521,0.7944015444015444
rs16,0.8016945516945517,0.796975546975547
rs17,0.8035178035178036,0.7951522951522951
rs18,0.8018018018018018,0.7974045474045474
rs19,0.8029815529815529,0.797940797940798
rs20,0.8000858000858001,0.7941870441870442
rs21,0.8004075504075504,0.7912912912912913
rs22,0.8036250536250537,0.7987987987987988
rs23,0.8012655512655512,0.7984770484770485
rs24,0.8007293007293007,0.7971900471900472
rs25,0.7987987987987988,0.7974045474045474
rs26,0.7983697983697984,0.7970827970827971
rs27,0.7992277992277992,0.7966537966537967
rs28,0.8013728013728014,0.7995495495495496
rs29,0.7975117975117975,0.8004075504075504
rs30,0.7987987987987988,0.7998712998712999
rs31,0.7962247962247962,0.7975117975117975
rs32,0.7957957957957958,0.7977262977262978
rs33,0.7965465465465466,0.7936507936507936
rs34,0.7935435435435435,0.7922565422565423
rs35,0.7975117975117975,0.7965465465465466
rs36,0.7980480480480481,0.7931145431145431
rs37,0.7975117975117975,0.7944015444015444
rs38,0.7984770484770485,0.7991205491205491
rs39,0.7978335478335479,0.799013299013299
rs40,0.7983697983697984,0.797940797940798
rs41,0.7974045474045474,0.7971900471900472
rs42,0.795903045903046,0.7957957957957958
rs43,0.7940797940797941,0.7976190476190477
rs44,0.7910767910767911,0.797940797940798
rs45,0.7897897897897898,0.799013299013299
rs46,0.7905405405405406,0.7972972972972973
rs47,0.7901115401115402,0.7955812955812955
rs48,0.7868940368940369,0.793007293007293
rs49,0.7859287859287859,0.7917202917202917
rs50,0.7858215358215358,0.7908622908622909
rs51,0.7863577863577863,0.793972543972544
rs52,0.7857142857142857,0.7905405405405406
rs53,0.788931788931789,0.7947232947232947
rs54,0.7883955383955384,0.7948305448305448
rs55,0.789039039039039,0.7951522951522951
rs56,0.7903260403260404,0.796010296010296
rs57,0.7882882882882883,0.7919347919347919
rs58,0.788931788931789,0.7921492921492922
rs59,0.7918275418275418,0.7929000429000429
rs60,0.7946160446160446,0.7895752895752896
rs61,0.7934362934362934,0.7916130416130416
rs62,0.7951522951522951,0.7937580437580437
rs63,0.7968682968682969,0.7972972972972973
rs64,0.7984770484770485,0.7968682968682969
rs65,0.7998712998712999,0.7974045474045474
rs66,0.7987987987987988,0.7972972972972973
rs67,0.7961175461175461,0.7942942942942943
rs68,0.8000858000858001,0.801051051051051
rs69,0.8008365508365508,0.8000858000858001
rs70,0.79997854997855,0.8001930501930502
rs71,0.7995495495495496,0.7985842985842986
rs72,0.8034105534105535,0.797940797940798
rs73,0.8052338052338053,0.7992277992277992
rs74,0.8041613041613042,0.8000858000858001
rs75,0.801051051051051,0.7954740454740454
rs76,0.7983697983697984,0.7983697983697984
rs77,0.7932217932217932,0.7941870441870442
rs78,0.7933290433290433,0.795045045045045
rs79,0.7894680394680395,0.7932217932217932
rs80,0.7904332904332905,0.7948305448305448
rs81,0.7906477906477907,0.7910767910767911
rs82,0.7892535392535392,0.7912912912912913
rs83,0.7903260403260404,0.7931145431145431
rs84,0.7886100386100386,0.7927927927927928
rs85,0.789039039039039,0.7933290433290433
rs86,0.788073788073788,0.7940797940797941
rs87,0.789039039039039,0.7925782925782926
rs88,0.7875375375375375,0.7883955383955384
rs89,0.7892535392535392,0.7902187902187903
rs90,0.7888245388245388,0.7934362934362934
rs91,0.7906477906477907,0.7944015444015444
rs92,0.7954740454740454,0.7926855426855427
rs93,0.796010296010296,0.7938652938652939
rs94,0.7962247962247962,0.7983697983697984
rs95,0.8016945516945517,0.8046975546975547
rs96,0.7965465465465466,0.8022308022308022
rs97,0.7944015444015444,0.8003003003003003
rs98,0.7932217932217932,0.796975546975547
rs99,0.7908622908622909,0.7946160446160446
rs100,0.7916130416130416,0.7896825396825397
rs101,0.7952595452595452,0.796010296010296
rs102,0.7965465465465466,0.7962247962247962
rs103,0.7976190476190477,0.7971900471900472
rs104,0.7968682968682969,0.7937580437580437
rs105,0.7975117975117975,0.7926855426855427
rs106,0.7961175461175461,0.7924710424710425
rs107,0.793007293007293,0.7905405405405406
rs108,0.795903045903046,0.7918275418275418
rs109,0.7929000429000429,0.7925782925782926
rs110,0.7961175461175461,0.7965465465465466
rs111,0.7937580437580437,0.7898970398970399
rs112,0.7941870441870442,0.7878592878592878
rs113,0.7926855426855427,0.7881810381810381
rs114,0.8011583011583011,0.7906477906477907
rs115,0.7994422994422995,0.7920420420420421
rs116,0.7949377949377949,0.7921492921492922
rs117,0.7993350493350493,0.795045045045045
rs118,0.7974045474045474,0.7924710424710425
rs119,0.795045045045045,0.8014800514800515
rs120,0.7964392964392965,0.7986915486915487
rs121,0.7933290433290433,0.7942942942942943
rs122,0.7922565422565423,0.7906477906477907
rs123,0.7947232947232947,0.796010296010296
rs124,0.7963320463320464,0.7954740454740454
rs125,0.7968682968682969,0.7948305448305448
rs126,0.7945087945087945,0.7941870441870442
rs127,0.7949377949377949,0.7947232947232947
rs128,0.7936507936507936,0.7957957957957958
rs129,0.7902187902187903,0.793007293007293
rs130,0.7898970398970399,0.7966537966537967
rs131,0.7802445302445302,0.7927927927927928
rs132,0.7896825396825397,0.7957957957957958
rs133,0.7852852852852853,0.7886100386100386
rs134,0.7872157872157872,0.7888245388245388
rs135,0.7847490347490348,0.7835692835692836
rs136,0.7837837837837838,0.7833547833547834
rs137,0.7835692835692836,0.7808880308880309
rs138,0.7847490347490348,0.7802445302445302
rs139,0.7877520377520377,0.7798155298155298
rs140,0.7907550407550408,0.7811025311025311
rs141,0.7872157872157872,0.7848562848562849
rs142,0.7876447876447876,0.7865722865722866
rs143,0.7848562848562849,0.7850707850707851
rs144,0.7786357786357786,0.7850707850707851
rs145,0.7803517803517803,0.7852852852852853
rs146,0.7793865293865294,0.7859287859287859
rs147,0.7787430287430287,0.7838910338910339
rs148,0.7790647790647791,0.7846417846417847
rs149,0.7793865293865294,0.7844272844272844
rs150,0.7815315315315315,0.7859287859287859
rs151,0.7836765336765337,0.7857142857142857
rs152,0.7837837837837838,0.7885027885027885
rs153,0.7851780351780352,0.7885027885027885
rs154,0.788931788931789,0.7898970398970399
rs155,0.7911840411840412,0.7911840411840412
rs156,0.7903260403260404,0.7878592878592878
rs157,0.7861432861432861,0.7847490347490348
rs158,0.789039039039039,0.7858215358215358
rs159,0.7902187902187903,0.784963534963535
rs160,0.7921492921492922,0.7841055341055341
rs161,0.7946160446160446,0.7886100386100386
rs162,0.7947232947232947,0.7858215358215358
rs163,0.7904332904332905,0.7897897897897898
rs164,0.7902187902187903,0.7866795366795367
rs165,0.7886100386100386,0.7915057915057915
rs166,0.7827112827112828,0.7925782925782926
rs167,0.784963534963535,0.7975117975117975
rs168,0.783998283998284,0.7963320463320464
rs169,0.7793865293865294,0.7971900471900472
rs170,0.7786357786357786,0.7972972972972973
rs171,0.7811025311025311,0.7964392964392965
rs172,0.7856070356070356,0.7964392964392965
rs173,0.7821750321750321,0.7925782925782926
rs174,0.7801372801372801,0.7919347919347919
rs175,0.7776705276705277,0.7897897897897898
rs176,0.7785285285285285,0.7905405405405406
rs177,0.7817460317460317,0.7904332904332905
rs178,0.7818532818532818,0.7918275418275418
rs179,0.7821750321750321,0.7910767910767911
rs180,0.7808880308880309,0.7924710424710425
rs181,0.7842127842127842,0.7935435435435435
rs182,0.7872157872157872,0.7940797940797941
rs183,0.7863577863577863,0.7951522951522951
rs184,0.7834620334620335,0.7951522951522951
rs185,0.7831402831402832,0.7931145431145431
rs186,0.7854997854997855,0.7952595452595452
rs187,0.7865722865722866,0.7946160446160446
rs188,0.7853925353925354,0.7953667953667953
rs189,0.7894680394680395,0.7951522951522951
rs190,0.7917202917202917,0.7997640497640498
rs191,0.7887172887172887,0.8004075504075504
rs192,0.7896825396825397,0.7989060489060489
rs193,0.7885027885027885,0.7970827970827971
rs194,0.7873230373230373,0.7975117975117975
rs195,0.7868940368940369,0.7994422994422995
rs196,0.7888245388245388,0.8011583011583011
rs197,0.789039039039039,0.8013728013728014
rs198,0.787001287001287,0.8000858000858001
rs199,0.7863577863577863,0.7965465465465466
rs200,0.7856070356070356,0.796975546975547
rs201,0.7913985413985414,0.799013299013299
rs202,0.7907550407550408,0.7946160446160446
rs203,0.7923637923637924,0.7954740454740454
rs204,0.795045045045045,0.7977262977262978
rs205,0.7963320463320464,0.797940797940798
rs206,0.7938652938652939,0.7947232947232947
rs207,0.7932217932217932,0.793972543972544
rs208,0.7952595452595452,0.7916130416130416
rs209,0.7968682968682969,0.7883955383955384
rs210,0.8007293007293007,0.7941870441870442
rs211,0.7975117975117975,0.7934362934362934
rs212,0.795903045903046,0.7953667953667953
rs213,0.8003003003003003,0.7931145431145431
rs214,0.7925782925782926,0.7904332904332905
rs215,0.7962247962247962,0.7917202917202917
rs216,0.7964392964392965,0.7921492921492922
rs217,0.7944015444015444,0.7931145431145431
rs218,0.7940797940797941,0.7925782925782926
rs219,0.7916130416130416,0.7954740454740454
rs220,0.7906477906477907,0.7949377949377949
rs221,0.7924710424710425,0.7965465465465466
rs222,0.7927927927927928,0.7952595452595452
rs223,0.7911840411840412,0.7924710424710425
rs224,0.7913985413985414,0.7938652938652939
rs225,0.7933290433290433,0.7966537966537967
rs226,0.7941870441870442,0.7977262977262978
rs227,0.7938652938652939,0.7940797940797941
rs228,0.7975117975117975,0.7922565422565423
rs229,0.797940797940798,0.7948305448305448
rs230,0.8003003003003003,0.7964392964392965
rs231,0.7991205491205491,0.7947232947232947
rs232,0.7963320463320464,0.7931145431145431
rs233,0.8001930501930502,0.7940797940797941
rs234,0.8001930501930502,0.7908622908622909
rs235,0.7995495495495496,0.7935435435435435
rs236,0.8022308022308022,0.7954740454740454
rs237,0.7985842985842986,0.7938652938652939
rs238,0.8019090519090519,0.7966537966537967
rs239,0.8001930501930502,0.7944015444015444
rs240,0.8011583011583011,0.7955812955812955
rs241,0.7964392964392965,0.7920420420420421
rs242,0.8009438009438009,0.7948305448305448
rs243,0.7980480480480481,0.7897897897897898
rs244,0.7974045474045474,0.7945087945087945
rs245,0.7964392964392965,0.7951522951522951
rs246,0.7972972972972973,0.7965465465465466
rs247,0.7983697983697984,0.7935435435435435
rs248,0.7964392964392965,0.7970827970827971
rs249,0.8031960531960533,0.7998712998712999
rs250,0.8006220506220506,0.7965465465465466
rs251,0.8033033033033034,0.7992277992277992
rs252,0.8026598026598026,0.7996567996567997
rs253,0.8057700557700558,0.7984770484770485
rs254,0.8073788073788074,0.8004075504075504
rs255,0.8031960531960533,0.7968682968682969
rs256,0.8065208065208065,0.79997854997855
rs257,0.8049120549120549,0.7995495495495496
rs258,0.8045903045903046,0.8025525525525525
rs259,0.805984555984556,0.8011583011583011
rs260,0.8057700557700558,0.802016302016302
rs261,0.81006006006006,0.8041613041613042
rs262,0.811990561990562,0.8055555555555556
rs263,0.8124195624195624,0.8061990561990562
rs264,0.8075933075933076,0.8014800514800515
rs265,0.8071643071643072,0.8016945516945517
rs266,0.8045903045903046,0.8006220506220506
rs267,0.8044830544830545,0.8005148005148005
rs268,0.8033033033033034,0.8006220506220506
rs269,0.8065208065208065,0.8019090519090519
rs270,0.8065208065208065,0.8019090519090519
rs271,0.8058773058773059,0.7972972972972973
rs272,0.8108108108108109,0.7997640497640498
rs273,0.8074860574860575,0.799013299013299
rs274,0.806949806949807,0.8013728013728014
rs275,0.805019305019305,0.7996567996567997
rs276,0.8073788073788074,0.8009438009438009
rs277,0.8025525525525525,0.7980480480480481
rs278,0.8013728013728014,0.799013299013299
rs279,0.8027670527670527,0.797940797940798
rs280,0.8006220506220506,0.7964392964392965
rs281,0.8006220506220506,0.7968682968682969
rs282,0.7997640497640498,0.795045045045045
rs283,0.7993350493350493,0.7937580437580437
rs284,0.7997640497640498,0.796975546975547
rs285,0.7986915486915487,0.7954740454740454
rs286,0.7980480480480481,0.7968682968682969
rs287,0.7963320463320464,0.7954740454740454
rs288,0.7976190476190477,0.7995495495495496
rs289,0.7951522951522951,0.7963320463320464
rs290,0.7970827970827971,0.7976190476190477
rs291,0.7963320463320464,0.7994422994422995
rs292,0.7936507936507936,0.796010296010296
rs293,0.7936507936507936,0.7982625482625483
rs294,0.796010296010296,0.7957957957957958
rs295,0.7952595452595452,0.7975117975117975
rs296,0.7963320463320464,0.7957957957957958
rs297,0.7971900471900472,0.7968682968682969
rs298,0.8006220506220506,0.793972543972544
rs299,0.7994422994422995,0.797940797940798
rs300,0.799013299013299,0.7984770484770485
rs301,0.7981552981552982,0.7978335478335479
rs302,0.7980480480480481,0.7980480480480481
rs303,0.8000858000858001,0.7991205491205491
rs304,0.8001930501930502,0.7987987987987988
rs305,0.8003003003003003,0.7982625482625483
rs306,0.7991205491205491,0.7977262977262978
rs307,0.7974045474045474,0.7962247962247962
rs308,0.8000858000858001,0.7974045474045474
rs309,0.7987987987987988,0.7962247962247962
rs310,0.8003003003003003,0.7972972972972973
rs311,0.8016945516945517,0.7957957957957958
rs312,0.7971900471900472,0.7947232947232947
rs313,0.8025525525525525,0.8003003003003003
rs314,0.8049120549120549,0.79997854997855
rs315,0.795045045045045,0.7895752895752896
rs316,0.7962247962247962,0.789039039039039
rs317,0.7942942942942943,0.7901115401115402
rs318,0.7942942942942943,0.787001287001287
rs319,0.795045045045045,0.7879665379665379
rs320,0.7978335478335479,0.7864650364650365
rs321,0.7984770484770485,0.7871085371085371
rs322,0.7989060489060489,0.7951522951522951
rs323,0.7970827970827971,0.7974045474045474
rs324,0.7966537966537967,0.7978335478335479
rs325,0.7983697983697984,0.8016945516945517
rs326,0.7970827970827971,0.7987987987987988
rs327,0.7937580437580437,0.793972543972544
rs328,0.7963320463320464,0.7981552981552982
rs329,0.7940797940797941,0.7955812955812955
rs330,0.7929000429000429,0.7980480480480481
rs331,0.7922565422565423,0.7955812955812955
rs332,0.7920420420420421,0.7937580437580437
rs333,0.7968682968682969,0.7983697983697984
rs334,0.7980480480480481,0.7978335478335479
rs335,0.7956885456885456,0.7971900471900472
rs336,0.7907550407550408,0.7929000429000429
rs337,0.7934362934362934,0.7972972972972973
rs338,0.793972543972544,0.7961175461175461
rs339,0.7951522951522951,0.8003003003003003
rs340,0.7955812955812955,0.7992277992277992
rs341,0.7929000429000429,0.7997640497640498
rs342,0.7911840411840412,0.7995495495495496
rs343,0.7918275418275418,0.797940797940798
rs344,0.7892535392535392,0.7942942942942943
rs345,0.7892535392535392,0.7944015444015444
rs346,0.7867867867867868,0.7941870441870442
rs347,0.7886100386100386,0.7945087945087945
rs348,0.7918275418275418,0.7952595452595452
rs349,0.7861432861432861,0.7901115401115402
rs350,0.7871085371085371,0.7910767910767911
rs351,0.7850707850707851,0.789039039039039
rs352,0.7927927927927928,0.7935435435435435
rs353,0.7940797940797941,0.7962247962247962
rs354,0.7964392964392965,0.7936507936507936
rs355,0.7966537966537967,0.7947232947232947
rs356,0.8018018018018018,0.7957957957957958
rs357,0.79997854997855,0.795045045045045
rs358,0.7989060489060489,0.7936507936507936
rs359,0.8031960531960533,0.7926855426855427
rs360,0.8005148005148005,0.7932217932217932
rs361,0.8006220506220506,0.7945087945087945
rs362,0.8001930501930502,0.7925782925782926
rs363,0.7989060489060489,0.7922565422565423
rs364,0.7938652938652939,0.7908622908622909
rs365,0.7936507936507936,0.7913985413985414
rs366,0.7978335478335479,0.7919347919347919
rs367,0.8033033033033034,0.7971900471900472
rs368,0.8038395538395539,0.7953667953667953
rs369,0.801051051051051,0.7947232947232947
rs370,0.8081295581295581,0.7971900471900472
rs371,0.8033033033033034,0.7947232947232947
rs372,0.8041613041613042,0.793972543972544
rs373,0.8013728013728014,0.7935435435435435
rs374,0.8038395538395539,0.7926855426855427
rs375,0.8009438009438009,0.7927927927927928
rs376,0.7955812955812955,0.7871085371085371
rs377,0.7985842985842986,0.7894680394680395
rs378,0.7945087945087945,0.7911840411840412
rs379,0.7915057915057915,0.7878592878592878
rs380,0.7966537966537967,0.7908622908622909
rs381,0.7970827970827971,0.7910767910767911
rs382,0.8003003003003003,0.7921492921492922
rs383,0.8015873015873016,0.7954740454740454
rs384,0.8006220506220506,0.7925782925782926
rs385,0.7980480480480481,0.7952595452595452
rs386,0.7954740454740454,0.790969540969541
rs387,0.7952595452595452,0.7926855426855427
rs388,0.7986915486915487,0.7955812955812955
rs389,0.795903045903046,0.793972543972544
rs390,0.7971900471900472,0.7978335478335479
rs391,0.7967610467610468,0.7981552981552982
rs392,0.7940797940797941,0.7976190476190477
rs393,0.7892535392535392,0.7940797940797941
rs394,0.7916130416130416,0.7954740454740454
rs395,0.7918275418275418,0.7963320463320464
rs396,0.790969540969541,0.7997640497640498
rs397,0.7925782925782926,0.8008365508365508
rs398,0.7867867867867868,0.7961175461175461
rs399,0.787001287001287,0.7905405405405406
rs400,0.7887172887172887,0.7927927927927928
rs401,0.7867867867867868,0.7907550407550408
rs402,0.7903260403260404,0.7929000429000429
rs403,0.7882882882882883,0.7938652938652939
rs404,0.7898970398970399,0.7954740454740454
rs405,0.7931145431145431,0.797940797940798
rs406,0.7911840411840412,0.7963320463320464
rs407,0.7896825396825397,0.7964392964392965
rs408,0.7912912912912913,0.7941870441870442
rs409,0.7902187902187903,0.7917202917202917
rs410,0.7940797940797941,0.7925782925782926
rs411,0.7940797940797941,0.7940797940797941
rs412,0.7955812955812955,0.7921492921492922
rs413,0.7945087945087945,0.7895752895752896
rs414,0.7942942942942943,0.7904332904332905
rs415,0.795045045045045,0.7918275418275418
rs416,0.7989060489060489,0.7906477906477907
rs417,0.7975117975117975,0.7891462891462891
rs418,0.8004075504075504,0.7937580437580437
rs419,0.8019090519090519,0.795045045045045
rs420,0.8009438009438009,0.796010296010296
rs421,0.7995495495495496,0.7972972972972973
rs422,0.7980480480480481,0.7968682968682969
rs423,0.7981552981552982,0.7978335478335479
rs424,0.7980480480480481,0.7964392964392965
rs425,0.7981552981552982,0.7965465465465466
rs426,0.797940797940798,0.7968682968682969
rs427,0.7995495495495496,0.7952595452595452
rs428,0.8008365508365508,0.7967610467610468
rs429,0.7986915486915487,0.7975117975117975
rs430,0.7961175461175461,0.7985842985842986
rs431,0.7989060489060489,0.8016945516945517
rs432,0.7946160446160446,0.8001930501930502
rs433,0.7935435435435435,0.7967610467610468
rs434,0.7926855426855427,0.795903045903046
rs435,0.7933290433290433,0.7956885456885456
rs436,0.7951522951522951,0.7963320463320464
rs437,0.7927927927927928,0.7936507936507936
rs438,0.7913985413985414,0.793972543972544
rs439,0.7895752895752896,0.7937580437580437
rs440,0.7892535392535392,0.7936507936507936
rs441,0.7881810381810381,0.7919347919347919
rs442,0.7944015444015444,0.7978335478335479
rs443,0.796010296010296,0.7981552981552982
rs444,0.796975546975547,0.8006220506220506
rs445,0.7952595452595452,0.8008365508365508
rs446,0.7931145431145431,0.8004075504075504
rs447,0.7934362934362934,0.7997640497640498
rs448,0.793007293007293,0.8008365508365508
rs449,0.7911840411840412,0.7998712998712999
rs450,0.7882882882882883,0.8004075504075504
rs451,0.7897897897897898,0.8029815529815529
rs452,0.7866795366795367,0.8008365508365508
rs453,0.7902187902187903,0.7964392964392965
rs454,0.7933290433290433,0.7938652938652939
rs455,0.7929000429000429,0.7962247962247962
rs456,0.795045045045045,0.8008365508365508
rs457,0.7957957957957958,0.8012655512655512
rs458,0.7944015444015444,0.79997854997855
rs459,0.7953667953667953,0.8038395538395539
rs460,0.7952595452595452,0.7977262977262978
rs461,0.797940797940798,0.7983697983697984
rs462,0.7977262977262978,0.8019090519090519
rs463,0.7996567996567997,0.8045903045903046
rs464,0.801051051051051,0.803088803088803
rs465,0.797940797940798,0.7956885456885456
rs466,0.7963320463320464,0.793007293007293
rs467,0.7976190476190477,0.7919347919347919
rs468,0.7940797940797941,0.7936507936507936
rs469,0.7962247962247962,0.7984770484770485
rs470,0.796010296010296,0.7992277992277992
rs471,0.7897897897897898,0.78936078936078935
rs472,0.796975546975547,0.7954740454740454
rs473,0.7948305448305448,0.7983697983697984
rs474,0.7929000429000429,0.7947232947232947
rs475,0.7967610467610468,0.7932217932217932
rs476,0.7995495495495496,0.7975117975117975
rs477,0.8016945516945517,0.7996567996567997
rs478,0.7989060489060489,0.7995495495495496
rs479,0.7966537966537967,0.7918275418275418
rs480,0.7949377949377949,0.7913985413985414
rs481,0.7952595452595452,0.7918275418275418
rs482,0.7977262977262978,0.7872157872157872
rs483,0.7985842985842986,0.7936507936507936
rs484,0.79000429000429,0.7911840411840412
rs485,0.7926855426855427,0.7901115401115402
rs486,0.7962247962247962,0.7940797940797941
rs487,0.7977262977262978,0.7946160446160446
rs488,0.802016302016302,0.7965465465465466
rs489,0.7978335478335479,0.7945087945087945
rs490,0.7941870441870442,0.7922565422565423
rs491,0.7951522951522951,0.7887172887172887
rs492,0.7966537966537967,0.7895752895752896
rs493,0.7967610467610468,0.7926855426855427
rs494,0.8009438009438009,0.7940797940797941
rs495,0.7957957957957958,0.7941870441870442
rs496,0.7955812955812955,0.793972543972544
rs497,0.7936507936507936,0.7937580437580437
rs498,0.7904332904332905,0.7952595452595452
rs499,0.7917202917202917,0.7962247962247962
rs500,0.7877520377520377,0.7974045474045474
rs501,0.7883955383955384,0.7954740454740454
rs502,0.7920420420420421,0.7963320463320464
rs503,0.7907550407550408,0.7963320463320464
rs504,0.7915057915057915,0.7956885456885456
rs505,0.7885027885027885,0.7935435435435435
rs506,0.7864650364650365,0.7933290433290433
rs507,0.7843200343200343,0.7898970398970399
rs508,0.787001287001287,0.7923637923637924
rs509,0.7882882882882883,0.7911840411840412
rs510,0.7917202917202917,0.795045045045045
rs511,0.7885027885027885,0.7922565422565423
rs512,0.7892535392535392,0.7896825396825397
rs513,0.7872157872157872,0.7867867867867868
rs514,0.7881810381810381,0.7859287859287859
rs515,0.7913985413985414,0.7877520377520377
rs516,0.7923637923637924,0.7879665379665379
rs517,0.7976190476190477,0.7926855426855427
rs518,0.7920420420420421,0.7904332904332905
rs519,0.7942942942942943,0.7895752895752896
rs520,0.7968682968682969,0.7952595452595452
rs521,0.7981552981552982,0.7963320463320464
rs522,0.7974045474045474,0.7945087945087945
rs523,0.7967610467610468,0.7967610467610468
rs524,0.7948305448305448,0.7965465465465466
rs525,0.7954740454740454,0.793972543972544
rs526,0.793972543972544,0.793972543972544
rs527,0.7971900471900472,0.7963320463320464
rs528,0.7975117975117975,0.7967610467610468
rs529,0.7931145431145431,0.7944015444015444
rs530,0.7921492921492922,0.7940797940797941
rs531,0.7916130416130416,0.7947232947232947
rs532,0.7927927927927928,0.793972543972544
rs533,0.7922565422565423,0.7920420420420421
rs534,0.7961175461175461,0.7968682968682969
rs535,0.7927927927927928,0.7956885456885456
rs536,0.7916130416130416,0.795903045903046
rs537,0.7885027885027885,0.7904332904332905
rs538,0.7887172887172887,0.7910767910767911
rs539,0.7862505362505362,0.7897897897897898
rs540,0.7933290433290433,0.7903260403260404
rs541,0.7901115401115402,0.7874302874302874
rs542,0.7903260403260404,0.7879665379665379
rs543,0.7917202917202917,0.7903260403260404
rs544,0.7901115401115402,0.7861432861432861
rs545,0.7892535392535392,0.7859287859287859
rs546,0.7898970398970399,0.7864650364650365
rs547,0.7835692835692836,0.7833547833547834
rs548,0.7816387816387816,0.783998283998284
rs549,0.7808880308880309,0.7831402831402832
rs550,0.782925782925783,0.7843200343200343
rs551,0.7845345345345346,0.7831402831402832
rs552,0.7832475332475333,0.7843200343200343
rs553,0.7828185328185329,0.7866795366795367
rs554,0.7856070356070356,0.7894680394680395
rs555,0.7874302874302874,0.7861432861432861
rs556,0.7828185328185329,0.7875375375375375
rs557,0.7836765336765337,0.7853925353925354
rs558,0.7832475332475333,0.7850707850707851
rs559,0.7838910338910339,0.7853925353925354
rs560,0.7878592878592878,0.7894680394680395
rs561,0.7897897897897898,0.7894680394680395
rs562,0.7863577863577863,0.7906477906477907
rs563,0.7871085371085371,0.7911840411840412
rs564,0.7913985413985414,0.7977262977262978
rs565,0.7925782925782926,0.7982625482625483
rs566,0.7942942942942943,0.7989060489060489
rs567,0.7923637923637924,0.7989060489060489
rs568,0.7915057915057915,0.7966537966537967
rs569,0.7936507936507936,0.7955812955812955
rs570,0.7953667953667953,0.7980480480480481
rs571,0.7911840411840412,0.8000858000858001
rs572,0.795045045045045,0.8018018018018018
rs573,0.7947232947232947,0.8001930501930502
rs574,0.7949377949377949,0.8043758043758044
rs575,0.7927927927927928,0.8046975546975547
rs576,0.7871085371085371,0.8006220506220506
rs577,0.7903260403260404,0.8003003003003003
rs578,0.7904332904332905,0.8026598026598026
rs579,0.7941870441870442,0.8019090519090519
rs580,0.7944015444015444,0.8033033033033034
rs581,0.7905405405405406,0.8044830544830545
rs582,0.793007293007293,0.8067353067353067
rs583,0.7901115401115402,0.8000858000858001
rs584,0.7879665379665379,0.7981552981552982
rs585,0.7974045474045474,0.8044830544830545
rs586,0.7961175461175461,0.8022308022308022
rs587,0.7924710424710425,0.799013299013299
rs588,0.7953667953667953,0.7952595452595452
rs589,0.8009438009438009,0.7975117975117975
rs590,0.8034105534105535,0.7980480480480481
rs591,0.8063063063063063,0.7975117975117975
rs592,0.8016945516945517,0.7966537966537967
rs593,0.7987987987987988,0.7951522951522951
rs594,0.7985842985842986,0.7952595452595452
rs595,0.79997854997855,0.7997640497640498
rs596,0.7977262977262978,0.7978335478335479
rs597,0.797940797940798,0.8028743028743028
rs598,0.7966537966537967,0.7994422994422995
rs599,0.7983697983697984,0.8027670527670527
rs600,0.8024453024453024,0.8102745602745602
rs601,0.8025525525525525,0.8087730587730588
rs602,0.8036250536250537,0.8082368082368082
rs603,0.8134920634920635,0.8164950664950665
rs604,0.8145645645645646,0.8181038181038182
rs605,0.8145645645645646,0.8181038181038182
rs606,0.8086658086658086,0.8123123123123123
rs607,0.8108108108108109,0.8161733161733161
rs608,0.8026598026598026,0.8112398112398113
rs609,0.8006220506220506,0.8088803088803089
rs610,0.7987987987987988,0.8085585585585585
rs611,0.7977262977262978,0.8011583011583011
rs612,0.7995495495495496,0.802016302016302
rs613,0.8046975546975547,0.8078078078078078
rs614,0.8045903045903046,0.8103818103818103
rs615,0.8038395538395539,0.8101673101673101
rs616,0.8019090519090519,0.8079150579150579
rs617,0.8012655512655512,0.8060918060918061
rs618,0.7976190476190477,0.802016302016302
rs619,0.7978335478335479,0.8018018018018018
rs620,0.7981552981552982,0.8012655512655512
rs621,0.7995495495495496,0.7997640497640498
rs622,0.801051051051051,0.7965465465465466
rs623,0.803088803088803,0.8001930501930502
rs624,0.8044830544830545,0.7998712998712999
rs625,0.8027670527670527,0.7963320463320464
rs626,0.8033033033033034,0.797940797940798
rs627,0.8026598026598026,0.796975546975547
rs628,0.8025525525525525,0.7972972972972973
rs629,0.8029815529815529,0.7995495495495496
rs630,0.8007293007293007,0.7989060489060489
rs631,0.8004075504075504,0.7945087945087945
rs632,0.8013728013728014,0.7964392964392965
rs633,0.8044830544830545,0.7995495495495496
rs634,0.8044830544830545,0.7967610467610468
rs635,0.8023380523380523,0.7976190476190477
rs636,0.8051265551265552,0.7947232947232947
rs637,0.7983697983697984,0.7918275418275418
rs638,0.7997640497640498,0.7944015444015444
rs639,0.7983697983697984,0.7919347919347919
rs640,0.8000858000858001,0.7895752895752896
rs641,0.8038395538395539,0.8003003003003003
rs642,0.8037323037323038,0.7994422994422995
rs643,0.8011583011583011,0.7970827970827971
rs644,0.7996567996567997,0.7934362934362934
rs645,0.8007293007293007,0.7989060489060489
rs646,0.8000858000858001,0.7972972972972973
rs647,0.8008365508365508,0.797940797940798
rs648,0.803088803088803,0.7986915486915487
rs649,0.7995495495495496,0.795903045903046
rs650,0.7993350493350493,0.796010296010296
rs651,0.8001930501930502,0.7970827970827971
rs652,0.7945087945087945,0.7927927927927928
rs653,0.796975546975547,0.7981552981552982
rs654,0.7994422994422995,0.796975546975547
rs655,0.797940797940798,0.7995495495495496
rs656,0.7982625482625483,0.8014800514800515
rs657,0.7965465465465466,0.8042685542685543
rs658,0.7968682968682969,0.8081295581295581
rs659,0.8007293007293007,0.8064135564135564
rs660,0.8013728013728014,0.8049120549120549
rs661,0.7993350493350493,0.8008365508365508
rs662,0.7974045474045474,0.8009438009438009
rs663,0.7985842985842986,0.8025525525525525
rs664,0.7993350493350493,0.8044830544830545
rs665,0.796010296010296,0.8016945516945517
rs666,0.795045045045045,0.8043758043758044
rs667,0.7921492921492922,0.801051051051051
rs668,0.7934362934362934,0.7987987987987988
rs669,0.7879665379665379,0.7966537966537967
rs670,0.7916130416130416,0.8009438009438009
rs671,0.7941870441870442,0.8023380523380523
rs672,0.7904332904332905,0.7951522951522951
rs673,0.7878592878592878,0.7938652938652939
rs674,0.7895752895752896,0.7956885456885456
rs675,0.7895752895752896,0.7983697983697984
rs676,0.7921492921492922,0.8042685542685543
rs677,0.7936507936507936,0.8077005577005577
rs678,0.7886100386100386,0.7891462891462891
rs679,0.78936078936078935,0.7888245388245388
rs680,0.7905405405405406,0.7907550407550408
rs681,0.784963534963535,0.7906477906477907
rs682,0.7882882882882883,0.7931145431145431
rs683,0.78936078936078935,0.7913985413985414
rs684,0.7924710424710425,0.7923637923637924
rs685,0.7923637923637924,0.7905405405405406
rs686,0.7952595452595452,0.7935435435435435
rs687,0.7948305448305448,0.7961175461175461
rs688,0.7938652938652939,0.7987987987987988
rs689,0.7945087945087945,0.7972972972972973
rs690,0.789039039039039,0.796975546975547
rs691,0.7949377949377949,0.7997640497640498
rs692,0.7910767910767911,0.796975546975547
rs693,0.7916130416130416,0.7985842985842986
rs694,0.7933290433290433,0.7948305448305448
rs695,0.793007293007293,0.7971900471900472
rs696,0.7966537966537967,0.7947232947232947
rs697,0.7932217932217932,0.7952595452595452
rs698,0.7947232947232947,0.7932217932217932
rs699,0.7956885456885456,0.7968682968682969
rs700,0.7951522951522951,0.7918275418275418
rs701,0.7946160446160446,0.7919347919347919
rs702,0.7970827970827971,0.796010296010296
rs703,0.7936507936507936,0.7945087945087945
rs704,0.7919347919347919,0.7966537966537967
rs705,0.7945087945087945,0.7965465465465466
rs706,0.7963320463320464,0.7962247962247962
rs707,0.7986915486915487,0.7965465465465466
rs708,0.7975117975117975,0.7975117975117975
rs709,0.7954740454740454,0.7996567996567997
rs710,0.7935435435435435,0.7971900471900472
rs711,0.7944015444015444,0.7971900471900472
rs712,0.7916130416130416,0.7957957957957958
rs713,0.7895752895752896,0.7924710424710425
rs714,0.7913985413985414,0.793972543972544
rs715,0.7923637923637924,0.7953667953667953
rs716,0.7935435435435435,0.7952595452595452
rs717,0.7932217932217932,0.7948305448305448
rs718,0.7956885456885456,0.7982625482625483
rs719,0.7920420420420421,0.7964392964392965
rs720,0.7954740454740454,0.8035178035178036
rs721,0.7927927927927928,0.8041613041613042
rs722,0.7907550407550408,0.7996567996567997
rs723,0.78936078936078935,0.8009438009438009
rs724,0.7910767910767911,0.8001930501930502
rs725,0.7913985413985414,0.79997854997855
rs726,0.7938652938652939,0.8003003003003003
rs727,0.7953667953667953,0.799013299013299
rs728,0.78936078936078935,0.7989060489060489
rs729,0.7911840411840412,0.7998712998712999
rs730,0.7936507936507936,0.8027670527670527
rs731,0.7896825396825397,0.7980480480480481
rs732,0.7901115401115402,0.797940797940798
rs733,0.79000429000429,0.7972972972972973
rs734,0.7896825396825397,0.7923637923637924
rs735,0.7931145431145431,0.7962247962247962
rs736,0.7963320463320464,0.7980480480480481
rs737,0.7923637923637924,0.795045045045045
rs738,0.7885027885027885,0.7905405405405406
rs739,0.7887172887172887,0.7911840411840412
rs740,0.7873230373230373,0.7916130416130416
rs741,0.7878592878592878,0.7923637923637924
rs742,0.7833547833547834,0.79000429000429
rs743,0.7832475332475333,0.78936078936078935
rs744,0.7843200343200343,0.7882882882882883
rs745,0.7827112827112828,0.786036036036036
rs746,0.7833547833547834,0.7846417846417847
rs747,0.7826040326040326,0.7846417846417847
rs748,0.7846417846417847,0.786036036036036
rs749,0.786036036036036,0.7843200343200343
rs750,0.7843200343200343,0.7859287859287859
rs751,0.7848562848562849,0.7911840411840412
rs752,0.7823895323895323,0.787001287001287
rs753,0.7859287859287859,0.790969540969541
rs754,0.7866795366795367,0.7938652938652939
rs755,0.7891462891462891,0.793007293007293
rs756,0.78936078936078935,0.7940797940797941
rs757,0.7915057915057915,0.7931145431145431
rs758,0.7903260403260404,0.7871085371085371
rs759,0.7875375375375375,0.7877520377520377
rs760,0.7898970398970399,0.7886100386100386
rs761,0.7948305448305448,0.7963320463320464
rs762,0.7946160446160446,0.7936507936507936
rs763,0.7985842985842986,0.790969540969541
rs764,0.7985842985842986,0.7929000429000429
rs765,0.8005148005148005,0.7968682968682969
rs766,0.8013728013728014,0.7975117975117975
rs767,0.7989060489060489,0.7945087945087945
rs768,0.7807807807807807,0.7917202917202917
rs769,0.7874302874302874,0.7982625482625483
rs770,0.7881810381810381,0.7956885456885456
rs771,0.7882882882882883,0.7941870441870442
rs772,0.7911840411840412,0.7966537966537967
rs773,0.7904332904332905,0.7972972972972973
rs774,0.7864650364650365,0.7935435435435435
rs775,0.7871085371085371,0.7940797940797941
rs776,0.7865722865722866,0.7953667953667953
rs777,0.7908622908622909,0.7978335478335479
rs778,0.7912912912912913,0.796975546975547
rs779,0.787001287001287,0.7929000429000429
rs780,0.7872157872157872,0.7912912912912913
rs781,0.7882882882882883,0.7867867867867868
rs782,0.7871085371085371,0.7858215358215358
rs783,0.7892535392535392,0.7927927927927928
rs784,0.7838910338910339,0.7892535392535392
rs785,0.7859287859287859,0.7894680394680395
rs786,0.7856070356070356,0.7906477906477907
rs787,0.7864650364650365,0.7868940368940369
rs788,0.7910767910767911,0.7924710424710425
rs789,0.7903260403260404,0.7898970398970399
rs790,0.7898970398970399,0.7913985413985414
rs791,0.7972972972972973,0.7933290433290433
rs792,0.7966537966537967,0.7947232947232947
rs793,0.7968682968682969,0.8005148005148005
rs794,0.7976190476190477,0.8016945516945517
rs795,0.7968682968682969,0.7983697983697984
rs796,0.7976190476190477,0.7982625482625483
rs797,0.79997854997855,0.7998712998712999
rs798,0.8016945516945517,0.8035178035178036
rs799,0.7985842985842986,0.8061990561990562
rs800,0.7983697983697984,0.8023380523380523
rs801,0.8008365508365508,0.8031960531960533
rs802,0.8034105534105535,0.8054483054483055
rs803,0.8038395538395539,0.8085585585585585
rs804,0.8029815529815529,0.8061990561990562
rs805,0.8027670527670527,0.8075933075933076
rs806,0.8014800514800515,0.8036250536250537
rs807,0.7964392964392965,0.8004075504075504
rs808,0.7974045474045474,0.8011583011583011
rs809,0.7968682968682969,0.7972972972972973
rs810,0.803088803088803,0.8013728013728014
rs811,0.8018018018018018,0.8015873015873016
rs812,0.802016302016302,0.803946803946804
rs813,0.802016302016302,0.8027670527670527
rs814,0.8044830544830545,0.8029815529815529
rs815,0.8034105534105535,0.7962247962247962
rs816,0.8013728013728014,0.7940797940797941
rs817,0.8009438009438009,0.7962247962247962
rs818,0.7970827970827971,0.7917202917202917
rs819,0.7967610467610468,0.7902187902187903
rs820,0.7946160446160446,0.7875375375375375
rs821,0.7913985413985414,0.7874302874302874
rs822,0.7929000429000429,0.7876447876447876
rs823,0.7920420420420421,0.7873230373230373
rs824,0.7910767910767911,0.789039039039039
rs825,0.7921492921492922,0.7879665379665379
rs826,0.7941870441870442,0.7874302874302874
rs827,0.7963320463320464,0.7907550407550408
rs828,0.7965465465465466,0.7897897897897898
rs829,0.795903045903046,0.7931145431145431
rs830,0.7932217932217932,0.7917202917202917
rs831,0.7933290433290433,0.7976190476190477
rs832,0.7937580437580437,0.7956885456885456
rs833,0.8025525525525525,0.8006220506220506
rs834,0.8025525525525525,0.8000858000858001
rs835,0.797940797940798,0.7974045474045474
rs836,0.7980480480480481,0.7991205491205491
rs837,0.7995495495495496,0.8001930501930502
rs838,0.7978335478335479,0.797940797940798
rs839,0.7957957957957958,0.7981552981552982
rs840,0.7955812955812955,0.7987987987987988
rs841,0.796010296010296,0.7974045474045474
rs842,0.7985842985842986,0.7976190476190477
rs843,0.7956885456885456,0.7974045474045474
rs844,0.7976190476190477,0.7989060489060489
rs845,0.7993350493350493,0.7980480480480481
rs846,0.7955812955812955,0.7938652938652939
rs847,0.797940797940798,0.79997854997855
rs848,0.7971900471900472,0.7995495495495496
rs849,0.7993350493350493,0.801051051051051
rs850,0.7951522951522951,0.7970827970827971
rs851,0.7935435435435435,0.7948305448305448
rs852,0.7971900471900472,0.7993350493350493
rs853,0.7981552981552982,0.797940797940798
rs854,0.7997640497640498,0.7949377949377949
rs855,0.7931145431145431,0.7879665379665379
rs856,0.7868940368940369,0.7835692835692836
rs857,0.7991205491205491,0.806949806949807
rs858,0.7929000429000429,0.7974045474045474
rs859,0.7963320463320464,0.7985842985842986
rs860,0.7912912912912913,0.7948305448305448
rs861,0.7987987987987988,0.7972972972972973
rs862,0.7987987987987988,0.7980480480480481
rs863,0.7993350493350493,0.7967610467610468
rs864,0.8015873015873016,0.8006220506220506
rs865,0.802016302016302,0.796975546975547
rs866,0.8000858000858001,0.7952595452595452
rs867,0.7987987987987988,0.795045045045045
rs868,0.7996567996567997,0.796975546975547
rs869,0.7971900471900472,0.7935435435435435
rs870,0.795903045903046,0.7944015444015444
rs871,0.7962247962247962,0.7895752895752896
rs872,0.7975117975117975,0.7923637923637924
rs873,0.7980480480480481,0.7916130416130416
rs874,0.7949377949377949,0.7931145431145431
rs875,0.7938652938652939,0.7898970398970399
rs876,0.7983697983697984,0.7924710424710425
rs877,0.7974045474045474,0.7887172887172887
rs878,0.7983697983697984,0.7903260403260404
rs879,0.8008365508365508,0.7926855426855427
rs880,0.8023380523380523,0.7944015444015444
rs881,0.8015873015873016,0.7937580437580437
rs882,0.8009438009438009,0.7919347919347919
rs883,0.7993350493350493,0.793007293007293
rs884,0.7981552981552982,0.7901115401115402
rs885,0.7967610467610468,0.7896825396825397
rs886,0.7998712998712999,0.7949377949377949
rs887,0.8005148005148005,0.7955812955812955
rs888,0.8049120549120549,0.7971900471900472
rs889,0.8049120549120549,0.7964392964392965
rs890,0.8022308022308022,0.7936507936507936
rs891,0.8016945516945517,0.7946160446160446
rs892,0.8044830544830545,0.7944015444015444
rs893,0.8040540540540541,0.7957957957957958
rs894,0.8052338052338053,0.7968682968682969
rs895,0.805984555984556,0.7976190476190477
rs896,0.8061990561990562,0.7948305448305448
rs897,0.8013728013728014,0.7948305448305448
rs898,0.8016945516945517,0.7977262977262978
rs899,0.7965465465465466,0.7954740454740454
rs900,0.7977262977262978,0.7962247962247962
rs901,0.7957957957957958,0.7938652938652939
rs902,0.7944015444015444,0.7911840411840412
rs903,0.7929000429000429,0.7926855426855427
rs904,0.8036250536250537,0.7987987987987988
rs905,0.8028743028743028,0.7998712998712999
rs906,0.8023380523380523,0.801051051051051
rs907,0.7996567996567997,0.8009438009438009
rs908,0.7949377949377949,0.7957957957957958
rs909,0.7986915486915487,0.8007293007293007
rs910,0.7982625482625483,0.8038395538395539
rs911,0.7956885456885456,0.8011583011583011
rs912,0.7989060489060489,0.8011583011583011
rs913,0.8018018018018018,0.8014800514800515
rs914,0.8006220506220506,0.8006220506220506
rs915,0.8003003003003003,0.7952595452595452
rs916,0.7993350493350493,0.7917202917202917
rs917,0.8046975546975547,0.7947232947232947
rs918,0.8009438009438009,0.7954740454740454
rs919,0.8001930501930502,0.7966537966537967
rs920,0.795903045903046,0.7906477906477907
rs921,0.7989060489060489,0.7992277992277992
rs922,0.8027670527670527,0.8007293007293007
rs923,0.7983697983697984,0.7898970398970399
rs924,0.796010296010296,0.7877520377520377
rs925,0.7980480480480481,0.79000429000429
rs926,0.796010296010296,0.7948305448305448
rs927,0.7953667953667953,0.7946160446160446
rs928,0.8031960531960533,0.7961175461175461
rs929,0.802016302016302,0.7971900471900472
rs930,0.7926855426855427,0.7883955383955384
rs931,0.7919347919347919,0.7910767910767911
rs932,0.7854997854997855,0.7915057915057915
rs933,0.781960531960532,0.7922565422565423
rs934,0.7867867867867868,0.7945087945087945
rs935,0.7813170313170313,0.7891462891462891
rs936,0.7828185328185329,0.7915057915057915
rs937,0.7847490347490348,0.7931145431145431
rs938,0.7836765336765337,0.7955812955812955
rs939,0.781960531960532,0.7907550407550408
rs940,0.788073788073788,0.7941870441870442
rs941,0.7879665379665379,0.7926855426855427
rs942,0.7903260403260404,0.7915057915057915
rs943,0.7967610467610468,0.7963320463320464
rs944,0.7920420420420421,0.7917202917202917
rs945,0.7892535392535392,0.7917202917202917
rs946,0.7873230373230373,0.7918275418275418
rs947,0.7905405405405406,0.7908622908622909
rs948,0.793972543972544,0.790969540969541
rs949,0.7941870441870442,0.7912912912912913
rs950,0.7964392964392965,0.7917202917202917
rs951,0.7938652938652939,0.7905405405405406
rs952,0.793972543972544,0.793007293007293
rs953,0.7962247962247962,0.802016302016302
rs954,0.799013299013299,0.799013299013299
rs955,0.7949377949377949,0.7968682968682969
rs956,0.7929000429000429,0.795903045903046
rs957,0.7970827970827971,0.7953667953667953
rs958,0.7941870441870442,0.7954740454740454
rs959,0.7946160446160446,0.7967610467610468
rs960,0.7929000429000429,0.7962247962247962
rs961,0.7949377949377949,0.7961175461175461
rs962,0.7942942942942943,0.7936507936507936
rs963,0.7970827970827971,0.7947232947232947
rs964,0.7977262977262978,0.7948305448305448
rs965,0.8003003003003003,0.7996567996567997
rs966,0.8016945516945517,0.7962247962247962
rs967,0.8005148005148005,0.796975546975547
rs968,0.8028743028743028,0.7961175461175461
rs969,0.8015873015873016,0.7984770484770485
rs970,0.7996567996567997,0.7978335478335479
rs971,0.8022308022308022,0.7984770484770485
rs972,0.803088803088803,0.8015873015873016
rs973,0.8049120549120549,0.7992277992277992
rs974,0.8064135564135564,0.7987987987987988
rs975,0.803088803088803,0.7984770484770485
rs976,0.8021235521235521,0.7991205491205491
rs977,0.8008365508365508,0.803946803946804
rs978,0.8004075504075504,0.8041613041613042
rs979,0.8029815529815529,0.8038395538395539
rs980,0.8056628056628057,0.803946803946804
rs981,0.8036250536250537,0.8044830544830545
rs982,0.8003003003003003,0.8046975546975547
rs983,0.8014800514800515,0.805019305019305
rs984,0.8028743028743028,0.8015873015873016
rs985,0.8053410553410554,0.8019090519090519
rs986,0.8044830544830545,0.8019090519090519
rs987,0.8019090519090519,0.8019090519090519
rs988,0.7946160446160446,0.7949377949377949
rs989,0.795045045045045,0.7974045474045474
rs990,0.802016302016302,0.7981552981552982
rs991,0.7986915486915487,0.799013299013299
rs992,0.799013299013299,0.797940797940798
rs993,0.7985842985842986,0.8001930501930502
rs994,0.7949377949377949,0.8040540540540541
rs995,0.8021235521235521,0.8014800514800515
rs996,0.8024453024453024,0.8029815529815529
rs997,0.802016302016302,0.8026598026598026
rs998,0.8027670527670527,0.802016302016302
rs999,0.8053410553410554,0.8035178035178036
rs1000,0.8018018018018018,0.8035178035178036
rs1001,0.8021235521235521,0.8051265551265552
rs1002,0.7841055341055341,0.7877520377520377
rs1003,0.7922565422565423,0.7982625482625483
rs1004,0.7915057915057915,0.7986915486915487
rs1005,0.7911840411840412,0.7956885456885456
rs1006,0.7935435435435435,0.7987987987987988
rs1007,0.7952595452595452,0.7998712998712999
rs1008,0.7966537966537967,0.8005148005148005
rs1009,0.795045045045045,0.7953667953667953
rs1010,0.796010296010296,0.7965465465465466
rs1011,0.7989060489060489,0.7937580437580437
rs1012,0.7957957957957958,0.7937580437580437
rs1013,0.7896825396825397,0.7903260403260404
rs1014,0.7902187902187903,0.7913985413985414
rs1015,0.7941870441870442,0.7968682968682969
rs1016,0.7962247962247962,0.7983697983697984
rs1017,0.7946160446160446,0.7991205491205491
rs1018,0.7941870441870442,0.7992277992277992
rs1019,0.7931145431145431,0.7971900471900472
rs1020,0.7954740454740454,0.7975117975117975
rs1021,0.7926855426855427,0.7951522951522951
rs1022,0.7898970398970399,0.7935435435435435
rs1023,0.796010296010296,0.7942942942942943
rs1024,0.7962247962247962,0.796010296010296
rs1025,0.795903045903046,0.7913985413985414
rs1026,0.7948305448305448,0.7891462891462891
rs1027,0.7903260403260404,0.7867867867867868
rs1028,0.7910767910767911,0.7866795366795367
rs1029,0.7910767910767911,0.7866795366795367
rs1030,0.7910767910767911,0.7866795366795367
rs1031,0.7923637923637924,0.7898970398970399
rs1032,0.7931145431145431,0.7918275418275418
rs1033,0.7886100386100386,0.7863577863577863
rs1034,0.7906477906477907,0.7861432861432861
rs1035,0.79000429000429,0.7848562848562849
rs1036,0.7931145431145431,0.7862505362505362
rs1037,0.7897897897897898,0.7845345345345346
rs1038,0.7851780351780352,0.7823895323895323
rs1039,0.7833547833547834,0.7828185328185329
rs1040,0.7856070356070356,0.7817460317460317
rs1041,0.7846417846417847,0.7813170313170313
rs1042,0.7873230373230373,0.7854997854997855
rs1043,0.7867867867867868,0.7868940368940369
rs1044,0.7887172887172887,0.7888245388245388
rs1045,0.7863577863577863,0.7932217932217932
rs1046,0.7854997854997855,0.7923637923637924
rs1047,0.7877520377520377,0.7927927927927928
rs1048,0.788931788931789,0.790969540969541
rs1049,0.7894680394680395,0.7908622908622909
rs1050,0.7936507936507936,0.7945087945087945
rs1051,0.7929000429000429,0.7955812955812955
rs1052,0.7937580437580437,0.7953667953667953
rs1053,0.7935435435435435,0.7998712998712999
rs1054,0.7927927927927928,0.7983697983697984
rs1055,0.7902187902187903,0.7976190476190477
rs1056,0.7923637923637924,0.797940797940798
rs1057,0.7948305448305448,0.7992277992277992
rs1058,0.7921492921492922,0.7978335478335479
rs1059,0.7905405405405406,0.7978335478335479
rs1060,0.789039039039039,0.7952595452595452
rs1061,0.7911840411840412,0.7981552981552982
rs1062,0.7921492921492922,0.7982625482625483
rs1063,0.7898970398970399,0.7948305448305448
rs1064,0.7913985413985414,0.796010296010296
rs1065,0.7926855426855427,0.7981552981552982
rs1066,0.7941870441870442,0.7996567996567997
rs1067,0.7946160446160446,0.7996567996567997
rs1068,0.7937580437580437,0.8003003003003003
rs1069,0.795045045045045,0.799013299013299
rs1070,0.7980480480480481,0.7956885456885456
rs1071,0.7982625482625483,0.7953667953667953
rs1072,0.7997640497640498,0.7967610467610468
rs1073,0.7987987987987988,0.7982625482625483
rs1074,0.8036250536250537,0.79997854997855
rs1075,0.8060918060918061,0.8038395538395539
rs1076,0.8070570570570571,0.8033033033033034
rs1077,0.8042685542685543,0.8043758043758044
rs1078,0.8013728013728014,0.7989060489060489
rs1079,0.7949377949377949,0.7940797940797941
rs1080,0.8026598026598026,0.7996567996567997
rs1081,0.8031960531960533,0.799013299013299
rs1082,0.8061990561990562,0.8015873015873016
rs1083,0.8052338052338053,0.7993350493350493
rs1084,0.8033033033033034,0.7948305448305448
rs1085,0.8052338052338053,0.793972543972544
rs1086,0.7978335478335479,0.7948305448305448
rs1087,0.7963320463320464,0.7918275418275418
rs1088,0.793972543972544,0.7896825396825397
rs1089,0.7961175461175461,0.7908622908622909
rs1090,0.7974045474045474,0.7917202917202917
rs1091,0.7964392964392965,0.7891462891462891
rs1092,0.7976190476190477,0.789039039039039
rs1093,0.796010296010296,0.7895752895752896
rs1094,0.7962247962247962,0.7861432861432861
rs1095,0.7949377949377949,0.7872157872157872
rs1096,0.8016945516945517,0.7920420420420421
rs1097,0.8000858000858001,0.7956885456885456
rs1098,0.8003003003003003,0.7933290433290433
rs1099,0.7993350493350493,0.7945087945087945
rs1100,0.7978335478335479,0.7902187902187903
rs1101,0.7911840411840412,0.7856070356070356
rs1102,0.7913985413985414,0.7852852852852853
rs1103,0.7913985413985414,0.7852852852852853
rs1104,0.799013299013299,0.793007293007293
rs1105,0.7997640497640498,0.7934362934362934
rs1106,0.7967610467610468,0.7867867867867868
rs1107,0.7970827970827971,0.789039039039039
rs1108,0.7931145431145431,0.7876447876447876
rs1109,0.7934362934362934,0.7885027885027885
rs1110,0.7961175461175461,0.7924710424710425
rs1111,0.8004075504075504,0.793972543972544
rs1112,0.7972972972972973,0.7929000429000429
rs1113,0.7995495495495496,0.7926855426855427
rs1114,0.7980480480480481,0.7951522951522951
rs1115,0.7937580437580437,0.793007293007293
rs1116,0.7938652938652939,0.7906477906477907
rs1117,0.7965465465465466,0.7932217932217932
rs1118,0.7989060489060489,0.7932217932217932
rs1119,0.7968682968682969,0.7951522951522951
rs1120,0.7951522951522951,0.795903045903046
rs1121,0.7941870441870442,0.7953667953667953
rs1122,0.7932217932217932,0.7936507936507936
rs1123,0.7953667953667953,0.7955812955812955
rs1124,0.7962247962247962,0.795903045903046
rs1125,0.7986915486915487,0.8008365508365508
rs1126,0.7989060489060489,0.7992277992277992
rs1127,0.7971900471900472,0.7987987987987988
rs1128,0.7986915486915487,0.7978335478335479
rs1129,0.7982625482625483,0.7947232947232947
rs1130,0.7996567996567997,0.7954740454740454
rs1131,0.799013299013299,0.7947232947232947
rs1132,0.7997640497640498,0.7936507936507936
rs1133,0.8003003003003003,0.7951522951522951
rs1134,0.8046975546975547,0.7946160446160446
rs1135,0.8023380523380523,0.7923637923637924
rs1136,0.7987987987987988,0.7892535392535392
rs1137,0.7940797940797941,0.7942942942942943
rs1138,0.7952595452595452,0.7971900471900472
rs1139,0.7977262977262978,0.7963320463320464
rs1140,0.7956885456885456,0.7929000429000429
rs1141,0.7941870441870442,0.7912912912912913
rs1142,0.7949377949377949,0.7888245388245388
rs1143,0.7968682968682969,0.7896825396825397
rs1144,0.7983697983697984,0.7925782925782926
rs1145,0.7975117975117975,0.7934362934362934
rs1146,0.7968682968682969,0.7923637923637924
rs1147,0.7966537966537967,0.7929000429000429
rs1148,0.7961175461175461,0.7927927927927928
rs1149,0.7989060489060489,0.7966537966537967
rs1150,0.8006220506220506,0.7963320463320464
rs1151,0.7992277992277992,0.7904332904332905
rs1152,0.8011583011583011,0.795045045045045
rs1153,0.7993350493350493,0.7982625482625483
rs1154,0.7987987987987988,0.7937580437580437
rs1155,0.7945087945087945,0.7953667953667953
rs1156,0.7974045474045474,0.7986915486915487
rs1157,0.7976190476190477,0.7954740454740454
rs1158,0.8024453024453024,0.8024453024453024
rs1159,0.7991205491205491,0.7981552981552982
rs1160,0.8038395538395539,0.79997854997855
rs1161,0.8011583011583011,0.7992277992277992
rs1162,0.7991205491205491,0.8027670527670527
rs1163,0.8018018018018018,0.797940797940798
rs1164,0.802016302016302,0.7995495495495496
rs1165,0.8077005577005577,0.8009438009438009
rs1166,0.8104890604890604,0.793007293007293
rs1167,0.8092020592020592,0.7897897897897898
rs1168,0.8086658086658086,0.788931788931789
rs1169,0.8120978120978121,0.7892535392535392
rs1170,0.8086658086658086,0.7908622908622909
rs1171,0.8060918060918061,0.7901115401115402
rs1172,0.8037323037323038,0.784963534963535
rs1173,0.8026598026598026,0.787001287001287
rs1174,0.808022308022308,0.7920420420420421
rs1175,0.8037323037323038,0.7929000429000429
rs1176,0.7956885456885456,0.788931788931789
rs1177,0.796975546975547,0.787001287001287
rs1178,0.7926855426855427,0.7898970398970399
rs1179,0.7934362934362934,0.7915057915057915
rs1180,0.793007293007293,0.7938652938652939
rs1181,0.7920420420420421,0.7945087945087945
rs1182,0.790969540969541,0.7935435435435435
rs1183,0.79000429000429,0.7927927927927928
rs1184,0.7897897897897898,0.7935435435435435
rs1185,0.7876447876447876,0.7922565422565423
rs1186,0.7887172887172887,0.7938652938652939
rs1187,0.7912912912912913,0.7962247962247962
rs1188,0.7887172887172887,0.7935435435435435
rs1189,0.7896825396825397,0.7921492921492922
rs1190,0.79000429000429,0.7965465465465466
rs1191,0.7913985413985414,0.7974045474045474
rs1192,0.7904332904332905,0.795045045045045
rs1193,0.7918275418275418,0.8003003003003003
rs1194,0.7926855426855427,0.8023380523380523
rs1195,0.7927927927927928,0.8009438009438009
rs1196,0.7898970398970399,0.8001930501930502
rs1197,0.7919347919347919,0.8036250536250537
rs1198,0.7925782925782926,0.8026598026598026
rs1199,0.7910767910767911,0.8026598026598026
rs1200,0.7915057915057915,0.8031960531960533
rs1201,0.788073788073788,0.8021235521235521
rs1202,0.7907550407550408,0.8035178035178036
rs1203,0.7872157872157872,0.8000858000858001
rs1204,0.7868940368940369,0.799013299013299
rs1205,0.7894680394680395,0.8001930501930502
rs1206,0.7920420420420421,0.801051051051051
rs1207,0.7945087945087945,0.8021235521235521
rs1208,0.7946160446160446,0.8018018018018018
rs1209,0.7963320463320464,0.8022308022308022
rs1210,0.7994422994422995,0.8006220506220506
rs1211,0.801051051051051,0.7984770484770485
rs1212,0.7976190476190477,0.7957957957957958
rs1213,0.803088803088803,0.7971900471900472
rs1214,0.8031960531960533,0.7971900471900472
rs1215,0.7991205491205491,0.7940797940797941
rs1216,0.8021235521235521,0.7989060489060489
rs1217,0.7936507936507936,0.7955812955812955
rs1218,0.7935435435435435,0.8001930501930502
rs1219,0.7910767910767911,0.7970827970827971
rs1220,0.7853925353925354,0.7926855426855427
rs1221,0.7944015444015444,0.7926855426855427
rs1222,0.793007293007293,0.7919347919347919
rs1223,0.7986915486915487,0.79000429000429
rs1224,0.7985842985842986,0.7921492921492922
rs1225,0.795903045903046,0.7936507936507936
rs1226,0.793007293007293,0.7918275418275418
rs1227,0.7932217932217932,0.7929000429000429
rs1228,0.7924710424710425,0.7919347919347919
rs1229,0.7901115401115402,0.7932217932217932
rs1230,0.7875375375375375,0.793007293007293
rs1231,0.7875375375375375,0.7917202917202917
rs1232,0.7925782925782926,0.7961175461175461
rs1233,0.7941870441870442,0.7992277992277992
rs1234,0.7923637923637924,0.7982625482625483
rs1235,0.7886100386100386,0.7937580437580437
rs1236,0.7863577863577863,0.7894680394680395
rs1237,0.7922565422565423,0.7922565422565423
rs1238,0.7892535392535392,0.7908622908622909
rs1239,0.7897897897897898,0.7898970398970399
rs1240,0.7919347919347919,0.7920420420420421
rs1241,0.7944015444015444,0.7967610467610468
rs1242,0.7919347919347919,0.7946160446160446
rs1243,0.7881810381810381,0.7918275418275418
rs1244,0.7859287859287859,0.7892535392535392
rs1245,0.788073788073788,0.7941870441870442
rs1246,0.7905405405405406,0.7963320463320464
rs1247,0.7941870441870442,0.7966537966537967
rs1248,0.7936507936507936,0.7936507936507936
rs1249,0.7922565422565423,0.7954740454740454
rs1250,0.7916130416130416,0.7934362934362934
rs1251,0.7925782925782926,0.7932217932217932
rs1252,0.7921492921492922,0.7896825396825397
rs1253,0.7938652938652939,0.7906477906477907
rs1254,0.79000429000429,0.7941870441870442
rs1255,0.7911840411840412,0.7955812955812955
rs1256,0.7953667953667953,0.795903045903046
rs1257,0.7936507936507936,0.7933290433290433
rs1258,0.7912912912912913,0.7934362934362934
rs1259,0.795903045903046,0.799013299013299
rs1260,0.7972972972972973,0.7995495495495496
rs1261,0.7955812955812955,0.7934362934362934
rs1262,0.7978335478335479,0.7944015444015444
rs1263,0.7987987987987988,0.7913985413985414
rs1264,0.7027027027027027,0.6867224367224367
rs1265,0.793972543972544,0.7904332904332905
rs1266,0.7934362934362934,0.7946160446160446
rs1267,0.7996567996567997,0.799013299013299
rs1268,0.7945087945087945,0.7916130416130416
rs1269,0.795045045045045,0.793007293007293
rs1270,0.7940797940797941,0.7903260403260404
rs1271,0.7945087945087945,0.790969540969541
rs1272,0.796010296010296,0.7915057915057915
rs1273,0.7970827970827971,0.7918275418275418
rs1274,0.8014800514800515,0.7927927927927928
rs1275,0.7977262977262978,0.7924710424710425
rs1276,0.7981552981552982,0.7981552981552982
rs1277,0.796975546975547,0.793972543972544
rs1278,0.7945087945087945,0.7941870441870442
rs1279,0.7940797940797941,0.7934362934362934
rs1280,0.7918275418275418,0.7929000429000429
rs1281,0.7842127842127842,0.7842127842127842
rs1282,0.787001287001287,0.7867867867867868
rs1283,0.7911840411840412,0.7847490347490348
rs1284,0.788931788931789,0.7833547833547834
rs1285,0.7903260403260404,0.7866795366795367
rs1286,0.7916130416130416,0.7878592878592878
rs1287,0.7963320463320464,0.7929000429000429
rs1288,0.7962247962247962,0.7926855426855427
rs1289,0.7952595452595452,0.7951522951522951
rs1290,0.7978335478335479,0.795903045903046
rs1291,0.7978335478335479,0.7931145431145431
rs1292,0.7962247962247962,0.7945087945087945
rs1293,0.7965465465465466,0.7935435435435435
rs1294,0.7927927927927928,0.7921492921492922
rs1295,0.7957957957957958,0.7967610467610468
rs1296,0.7940797940797941,0.795903045903046
rs1297,0.7976190476190477,0.799013299013299
rs1298,0.7949377949377949,0.7964392964392965
rs1299,0.796010296010296,0.7992277992277992
rs1300,0.7954740454740454,0.797940797940798
rs1301,0.8004075504075504,0.7985842985842986
rs1302,0.7980480480480481,0.7983697983697984
rs1303,0.7967610467610468,0.7995495495495496
rs1304,0.7970827970827971,0.8013728013728014
rs1305,0.7916130416130416,0.8005148005148005
rs1306,0.795903045903046,0.8037323037323038
rs1307,0.7970827970827971,0.8037323037323038
rs1308,0.8004075504075504,0.8055555555555556
rs1309,0.7957957957957958,0.7945087945087945
rs1310,0.796010296010296,0.7934362934362934
rs1311,0.7938652938652939,0.7951522951522951
rs1312,0.7941870441870442,0.7957957957957958
rs1313,0.7997640497640498,0.8019090519090519
rs1314,0.7980480480480481,0.8009438009438009
rs1315,0.8021235521235521,0.8044830544830545
rs1316,0.8027670527670527,0.8044830544830545
rs1317,0.8025525525525525,0.802016302016302
rs1318,0.7987987987987988,0.8003003003003003
rs1319,0.8007293007293007,0.8013728013728014
rs1320,0.7957957957957958,0.7977262977262978
rs1321,0.7965465465465466,0.7989060489060489
rs1322,0.7957957957957958,0.7991205491205491
rs1323,0.7977262977262978,0.7991205491205491
rs1324,0.7931145431145431,0.793972543972544
rs1325,0.7946160446160446,0.7948305448305448
rs1326,0.7924710424710425,0.7948305448305448
rs1327,0.7924710424710425,0.7927927927927928
rs1328,0.7974045474045474,0.7949377949377949
rs1329,0.8016945516945517,0.7941870441870442
rs1330,0.8018018018018018,0.7967610467610468
rs1331,0.7998712998712999,0.7967610467610468
rs1332,0.8021235521235521,0.7970827970827971
rs1333,0.7991205491205491,0.7910767910767911
rs1334,0.8037323037323038,0.7879665379665379
rs1335,0.8031960531960533,0.787001287001287
rs1336,0.8015873015873016,0.7874302874302874
rs1337,0.8005148005148005,0.787001287001287
rs1338,0.7966537966537967,0.7845345345345346
rs1339,0.7964392964392965,0.7851780351780352
rs1340,0.7912912912912913,0.7856070356070356
rs1341,0.7974045474045474,0.7934362934362934
rs1342,0.796010296010296,0.7921492921492922
rs1343,0.7937580437580437,0.79000429000429
rs1344,0.7944015444015444,0.7916130416130416
rs1345,0.7962247962247962,0.7910767910767911
rs1346,0.7903260403260404,0.7882882882882883
rs1347,0.790969540969541,0.7874302874302874
rs1348,0.7902187902187903,0.783998283998284
rs1349,0.7955812955812955,0.787001287001287
rs1350,0.7948305448305448,0.7897897897897898
rs1351,0.7887172887172887,0.7841055341055341
rs1352,0.7891462891462891,0.7842127842127842
rs1353,0.7873230373230373,0.7830330330330331
rs1354,0.7926855426855427,0.780995280995281
rs1355,0.7951522951522951,0.7856070356070356
rs1356,0.7907550407550408,0.7856070356070356
rs1357,0.79000429000429,0.7964392964392965
rs1358,0.7923637923637924,0.7964392964392965
rs1359,0.7894680394680395,0.7904332904332905
rs1360,0.7927927927927928,0.793007293007293
rs1361,0.7944015444015444,0.7947232947232947
rs1362,0.7945087945087945,0.7927927927927928
rs1363,0.7933290433290433,0.796975546975547
rs1364,0.8016945516945517,0.7971900471900472
rs1365,0.7975117975117975,0.7983697983697984
rs1366,0.8065208065208065,0.7972972972972973
rs1367,0.8087730587730588,0.7995495495495496
rs1368,0.8051265551265552,0.801051051051051
rs1369,0.8043758043758044,0.805019305019305
rs1370,0.7995495495495496,0.8041613041613042
rs1371,0.7986915486915487,0.7978335478335479
rs1372,0.797940797940798,0.8014800514800515
rs1373,0.7963320463320464,0.8018018018018018
rs1374,0.7897897897897898,0.7992277992277992
rs1375,0.7925782925782926,0.8025525525525525
rs1376,0.793007293007293,0.8027670527670527
rs1377,0.7972972972972973,0.8046975546975547
rs1378,0.7919347919347919,0.7998712998712999
rs1379,0.7933290433290433,0.7994422994422995
rs1380,0.7937580437580437,0.7997640497640498
rs1381,0.7980480480480481,0.7968682968682969
rs1382,0.7977262977262978,0.7989060489060489
rs1383,0.7975117975117975,0.7963320463320464
rs1384,0.7956885456885456,0.7961175461175461
rs1385,0.7947232947232947,0.799013299013299
rs1386,0.7954740454740454,0.7992277992277992
rs1387,0.7923637923637924,0.7975117975117975
rs1388,0.7924710424710425,0.7965465465465466
rs1389,0.7843200343200343,0.7920420420420421
rs1390,0.7846417846417847,0.790969540969541
rs1391,0.7836765336765337,0.7902187902187903
rs1392,0.7881810381810381,0.7922565422565423
rs1393,0.7864650364650365,0.790969540969541
rs1394,0.793972543972544,0.7918275418275418
rs1395,0.7954740454740454,0.7955812955812955
rs1396,0.795045045045045,0.7905405405405406
rs1397,0.7936507936507936,0.7917202917202917
rs1398,0.7955812955812955,0.8007293007293007
rs1399,0.7932217932217932,0.7962247962247962
rs1400,0.7932217932217932,0.7974045474045474
rs1401,0.7937580437580437,0.7994422994422995
rs1402,0.7910767910767911,0.8041613041613042
rs1403,0.793972543972544,0.8033033033033034
rs1404,0.7926855426855427,0.7985842985842986
rs1405,0.7923637923637924,0.7981552981552982
rs1406,0.7927927927927928,0.7882882882882883
rs1407,0.7966537966537967,0.7929000429000429
rs1408,0.7970827970827971,0.7961175461175461
rs1409,0.7929000429000429,0.7923637923637924
rs1410,0.7846417846417847,0.7926855426855427
rs1411,0.787001287001287,0.7885027885027885
rs1412,0.7861432861432861,0.7913985413985414
rs1413,0.7913985413985414,0.7892535392535392
rs1414,0.7904332904332905,0.7877520377520377
rs1415,0.7911840411840412,0.7886100386100386
rs1416,0.788073788073788,0.7846417846417847
rs1417,0.7932217932217932,0.7905405405405406
rs1418,0.7937580437580437,0.7892535392535392
rs1419,0.7938652938652939,0.7888245388245388
rs1420,0.7940797940797941,0.7894680394680395
rs1421,0.7962247962247962,0.7913985413985414
rs1422,0.7964392964392965,0.7908622908622909
rs1423,0.796975546975547,0.7935435435435435
rs1424,0.7978335478335479,0.7942942942942943
rs1425,0.7984770484770485,0.7965465465465466
rs1426,0.7993350493350493,0.797940797940798
rs1427,0.8026598026598026,0.796975546975547
rs1428,0.802016302016302,0.7947232947232947
rs1429,0.799013299013299,0.7873230373230373
rs1430,0.8001930501930502,0.7842127842127842
rs1431,0.8031960531960533,0.7917202917202917
rs1432,0.8014800514800515,0.7901115401115402
rs1433,0.7994422994422995,0.7968682968682969
rs1434,0.7980480480480481,0.7965465465465466
rs1435,0.7962247962247962,0.7949377949377949
rs1436,0.7905405405405406,0.7924710424710425
rs1437,0.795045045045045,0.7965465465465466
rs1438,0.7951522951522951,0.7967610467610468
rs1439,0.7904332904332905,0.7922565422565423
rs1440,0.7932217932217932,0.7924710424710425
rs1441,0.7992277992277992,0.7978335478335479
rs1442,0.7981552981552982,0.796975546975547
rs1443,0.8011583011583011,0.7977262977262978
rs1444,0.7974045474045474,0.8012655512655512
rs1445,0.796975546975547,0.8006220506220506
rs1446,0.7937580437580437,0.7952595452595452
rs1447,0.7921492921492922,0.7984770484770485
rs1448,0.7935435435435435,0.802016302016302
rs1449,0.7921492921492922,0.8004075504075504
rs1450,0.7915057915057915,0.7907550407550408
rs1451,0.7981552981552982,0.7911840411840412
rs1452,0.7908622908622909,0.7919347919347919
rs1453,0.7875375375375375,0.7883955383955384
rs1454,0.7897897897897898,0.7895752895752896
rs1455,0.7993350493350493,0.7966537966537967
rs1456,0.7967610467610468,0.7963320463320464
rs1457,0.7923637923637924,0.7936507936507936
rs1458,0.7918275418275418,0.7921492921492922
rs1459,0.7906477906477907,0.7956885456885456
rs1460,0.793007293007293,0.7985842985842986
rs1461,0.7931145431145431,0.796010296010296
rs1462,0.7935435435435435,0.789039039039039
rs1463,0.7879665379665379,0.7912912912912913
rs1464,0.7906477906477907,0.7940797940797941
rs1465,0.7941870441870442,0.7940797940797941
rs1466,0.7922565422565423,0.7940797940797941
rs1467,0.7927927927927928,0.7978335478335479
rs1468,0.7911840411840412,0.7951522951522951
rs1469,0.7904332904332905,0.7925782925782926
rs1470,0.7895752895752896,0.7933290433290433
rs1471,0.7894680394680395,0.7944015444015444
rs1472,0.7908622908622909,0.7896825396825397
rs1473,0.7912912912912913,0.7916130416130416
rs1474,0.7968682968682969,0.7952595452595452
rs1475,0.7962247962247962,0.793007293007293
rs1476,0.7962247962247962,0.793007293007293
rs1477,0.7978335478335479,0.7933290433290433
rs1478,0.8001930501930502,0.7932217932217932
rs1479,0.7944015444015444,0.7901115401115402
rs1480,0.8026598026598026,0.7931145431145431
rs1481,0.8000858000858001,0.7919347919347919
rs1482,0.7972972972972973,0.7978335478335479
rs1483,0.7938652938652939,0.7948305448305448
rs1484,0.801051051051051,0.7957957957957958
rs1485,0.7948305448305448,0.8033033033033034
rs1486,0.7937580437580437,0.8023380523380523
rs1487,0.7908622908622909,0.8022308022308022
rs1488,0.7916130416130416,0.8011583011583011
rs1489,0.7991205491205491,0.7996567996567997
rs1490,0.8005148005148005,0.8011583011583011
rs1491,0.8006220506220506,0.802016302016302
rs1492,0.7944015444015444,0.8014800514800515
rs1493,0.7954740454740454,0.8033033033033034
rs1494,0.796010296010296,0.8037323037323038
rs1495,0.796975546975547,0.8037323037323038
rs1496,0.799013299013299,0.8027670527670527
rs1497,0.7966537966537967,0.79997854997855
rs1498,0.7954740454740454,0.7985842985842986
rs1499,0.7966537966537967,0.7998712998712999
rs1500,0.7965465465465466,0.7971900471900472
rs1501,0.7978335478335479,0.8023380523380523
rs1502,0.7980480480480481,0.8040540540540541
rs1503,0.8007293007293007,0.805019305019305
rs1504,0.7987987987987988,0.8040540540540541
rs1505,0.7998712998712999,0.8055555555555556
rs1506,0.7966537966537967,0.803088803088803
rs1507,0.7972972972972973,0.8023380523380523
rs1508,0.7978335478335479,0.8007293007293007
rs1509,0.7983697983697984,0.8004075504075504
rs1510,0.7942942942942943,0.7996567996567997
rs1511,0.7976190476190477,0.7984770484770485
rs1512,0.8026598026598026,0.8061990561990562
rs1513,0.7986915486915487,0.8090948090948091
rs1514,0.7931145431145431,0.7997640497640498
rs1515,0.7887172887172887,0.8016945516945517
rs1516,0.7848562848562849,0.8015873015873016
rs1517,0.7901115401115402,0.8041613041613042
rs1518,0.7867867867867868,0.8055555555555556
rs1519,0.7847490347490348,0.7972972972972973
rs1520,0.7831402831402832,0.7983697983697984
rs1521,0.7911840411840412,0.8005148005148005
rs1522,0.7938652938652939,0.7935435435435435
rs1523,0.7929000429000429,0.7944015444015444
rs1524,0.78936078936078935,0.7936507936507936
rs1525,0.7881810381810381,0.7891462891462891
rs1526,0.7881810381810381,0.7881810381810381
rs1527,0.7897897897897898,0.7907550407550408
rs1528,0.787001287001287,0.7882882882882883
rs1529,0.7881810381810381,0.790969540969541
rs1530,0.7821750321750321,0.7924710424710425
rs1531,0.782067782067782,0.7982625482625483
rs1532,0.7824967824967825,0.8016945516945517
rs1533,0.7805662805662805,0.7941870441870442
rs1534,0.7828185328185329,0.7925782925782926
rs1535,0.7823895323895323,0.793007293007293
rs1536,0.7827112827112828,0.7908622908622909
rs1537,0.783998283998284,0.7881810381810381
rs1538,0.783998283998284,0.79000429000429
rs1539,0.7847490347490348,0.7901115401115402
rs1540,0.7850707850707851,0.7946160446160446
rs1541,0.7734877734877735,0.788073788073788
rs1542,0.7954740454740454,0.7938652938652939
rs1543,0.7976190476190477,0.7951522951522951
rs1544,0.8014800514800515,0.7963320463320464
rs1545,0.8008365508365508,0.7982625482625483
rs1546,0.7974045474045474,0.795045045045045
rs1547,0.8000858000858001,0.7945087945087945
rs1548,0.8027670527670527,0.7966537966537967
rs1549,0.7965465465465466,0.7924710424710425
rs1550,0.7948305448305448,0.7913985413985414
rs1551,0.7911840411840412,0.7896825396825397
rs1552,0.7904332904332905,0.7887172887172887
rs1553,0.7873230373230373,0.7858215358215358
rs1554,0.7938652938652939,0.7892535392535392
rs1555,0.7922565422565423,0.7877520377520377
rs1556,0.7888245388245388,0.7847490347490348
rs1557,0.7912912912912913,0.7859287859287859
rs1558,0.7915057915057915,0.7831402831402832
rs1559,0.7895752895752896,0.7874302874302874
rs1560,0.793007293007293,0.7925782925782926
rs1561,0.7933290433290433,0.7938652938652939
rs1562,0.788073788073788,0.7919347919347919
rs1563,0.7885027885027885,0.7904332904332905
